"Aeronautical Engineering, B.S.:{'First Year': {'Fall': ['ENGR 1100 - Introduction to Engineering Analysis:4', 'ENGR 1200 - Engineering Graphics and CAD:1', 'HASS Core Elective:4', 'MATH 1010 - Calculus I:4', ['PHYS 1100 - Physics I (M):4', 'PHYS 1110 - Physics I (S) Credit Hours:4']], 'Spring': ['CHEM 1100 - Principles of Chemistry I:4', 'HASS Core Elective:4', 'MANE 1060 - Fundamentals of Flight:1', 'MATH 1020 - Calculus II:4', 'PHYS 1200 - Physics II:4']}, 'Second Year': {'Fall': ['ENGR 1300 - Engineering Processes:1', 'ENGR 2530 - Strength of Materials:4', 'MANE 2710 - Thermodynamics:3', 'MATH 2400 - Introduction to Differential Equations:4', 'SoE 2... - Engineering Design Elective:4'], 'Spring': ['ADMN 1030 - ARCH Exploration & Planning:0', 'ENGR 2600 - Modeling and Analysis of Uncertainty:3', 'HASS Core Elective\xa0:4', 'MANE 2110 - Numerical Methods and Programming for Engineers:3', 'MANE 2720 - Fluid Mechanics:3', 'MATH 2010 - Multivariable Calculus and Matrix Algebra:4']}, 'Third Year': {'Arch': ['ENGR 2090 - Engineering Dynamics:4', 'HASS Core Elective:4', 'MANE 4060 - Aerospace Structures and Materials:4', 'MANE 4070 - Aerodynamics:4'], 'Fall': ['MANE 4500 - Modeling and Control of Dynamic Systems:3', 'MANE 4900 - Aeroelasticity and Structural Vibrations:3', 'MANE 4910 - Fluid Dynamics Laboratory:2', 'MANE 4920 - Aerospace Structures Laboratory:2', 'STSO 4100 - Professional Development 傍echnical Issues and Solutions:2', 'Free Elective:4'], 'Spring': ['ILEA 4400 - Independent Learning Experience:0']}, 'Fourth Year': {'Fall': ['MANE 4080 - Propulsion Systems:3', 'MANE 4510 - Control Systems Laboratory:2', 'MANE 4... - Computation\xa0Elective:3', 'MANE 4... - Flight Mechanics Elective:4', 'Free Elective:4'], 'Spring': ['ENGR 4010 - Professiona:L', 'Free Elective:4', 'HASS Core Elective:4', 'MANE 4... - Capstone Design Elective:3', 'MANE 4... - Aeronautical\xa0Technical Elective:3']}}"
"Aerospace Engineering, B.S.:{'First Year': {'Fall': ['ENGR 1100 - Introduction to Engineering Analysis:4', 'ENGR 1200 - Engineering Graphics and CAD:1', 'INQR 1XXX - HASS Core Elective:4', 'MATH 1010 - Calculus I:4', 'PHYS 1100 - Physics I (M):4'], 'Spring': ['CHEM 1100 - Principles of Chemistry I:4', 'HASS Core Elective:4', 'MANE 1060 - Fundamentals of Flight:1', 'MATH 1020 - Calculus II:4', 'PHYS 1200 - Physics II:4']}, 'Second Year': {'Fall': ['ENGR 1300 - Engineering Processes:1', 'ENGR 2530 - Strength of Materials:4', 'ENGR Design Elective: ', 'MANE 2710 - Thermodynamics:3', 'MATH 2400 - Introduction to Differential Equations:4'], 'Spring': ['ADMN 1030 - ARCH Exploration & Planning:0', 'ENGR 2600 - Modeling and Analysis of Uncertainty:3', 'MANE 2110 - Numerical Methods and Programming for Engineers:3', 'MANE 2720 - Fluid Mechanics:3', 'MATH 2010 - Multivariable Calculus and Matrix Algebra:4', 'HASS Core Elective:4']}, 'Third Year': {'Arch': ['ENGR 2090 - Engineering Dynamics:4', 'MANE 4060 - Aerospace Structures and Materials:4', 'MANE 4070 - Aerodynamics:4', 'HASS Core Elective:4'], 'Fall': ['MANE 4100 - Spaceflight Mechanics:4', 'MANE 4500 - Modeling and Control of Dynamic Systems:3', 'MANE 4900 - Aeroelasticity and Structural Vibrations:3', 'MANE 4910 - Fluid Dynamics Laboratory:2', 'MANE 4920 - Aerospace Structures Laboratory:2', 'STSO 4100 - Professional Development 傍echnical Issues and Solutions:2'], 'Spring': ['ILEA 4400 - Independent Learning Experience:0']}, 'Fourth Year': {'Fall': ['MANE 4080 - Propulsion Systems:3', 'MANE 4250 - Space Vehicle Design:3', 'MANE 4510 - Control Systems Laboratory:2', 'MANE 4XXX - Computation Elective:3', 'Free Elective:4'], 'Spring': ['ENGR 4010 - Professiona:L', 'MANE-4XXX Aerospace Technical Elective:3']}}"
"Applied Physics, B.S.:{'First Year': {'Fall': ['HASS Elective:4', 'CSCI 1100 - Computer Science I:4', 'MATH 1010 - Calculus I:4', 'PHYS 1140 - Introductory Modern Physics:4', 'PHYS 1010 - A Passion for Physics:1'], 'Spring': ['BIOL 1010 - Introduction to Biology:3', 'BIOL 1015 - Introduction to Biology Laboratory:1', 'MATH 1020 - Calculus II:4', 'PHYS 1150 - Introductory Classical Dynamics:4']}, 'Second Year': {'Fall': ['HASS Elective,:4', 'CHEM 1100 - Principles of Chemistry I:4', 'MATH 2400 - Introduction to Differential Equations:4', 'PHYS 1250 - Introductory Electromagnetic Theory:4'], 'Spring': ['HASS Elective:4', 'ADMN 1030 - ARCH Exploration & Planning:0', 'MATH 2010 - Multivariable Calculus and Matrix Algebra:4', 'PHYS 2210 - Quantum Physics I:4', 'PHYS 4330 - Theoretical Mechanics:4']}, 'Third Year': {'Arch': ['PHYS 2350 - Experimental Physics:4', 'HASS Elective:4', 'Mathematics\xa0Elective:4', 'Elective:4'], 'Fall': ['Technical Elective:4'], 'Spring': ['ILEA 4400 - Independent Learning Experience:0']}, 'Fourth Year': {'Fall': ['Culminating Experience:4', 'Technical Elective:4', 'Technical Elective:4', 'HASS Elective:4'], 'Spring': ['Technical Elective:4', 'Free Elective:4', 'HASS Elective:4']}}"
"Biochemistry and Biophysics, B.S.:{'First Year': {'Fall': ['BIOL 1010 - Introduction to Biology:3', ['BIOL 1015 - Introduction to Biology Laboratory:1', 'BIOL 1016 - Introduction to Biology Computational Laboratory Credit Hours:1'], 'CHEM 1110 - Chemistry I:4', 'MATH 1010 - Calculus I:4', 'HASS Core Elective:4'], 'Spring': ['BIOL 2120 - Introduction to Cell and Molecular Biology:3', 'BIOL 2125 - Introduction to Cell and Molecular Biology Laboratory:1', 'CHEM 1200 - Chemistry II:4', 'MATH 1020 - Calculus II:4', 'HASS Core Elective:4']}, 'Second Year': {'Fall': ['BIOL 2500 - Genetics and Evolution:4', 'CHEM 2230 - Organic Chemistry Laboratory I:1', 'CHEM 2250 - Organic Chemistry I:3', 'Quantitative Option:\n', ['PHYS 1100 - Physics I (M):4', 'PHYS 1110 - Physics I (S) Credit Hours:4']], 'Spring': ['ADMN 1030 - ARCH Exploration & Planning:0', 'BIOL 4620 - Molecular Biology:4', 'CHEM 2240 - Organic Chemistry Laboratory II:1', 'CHEM 2260 - Organic Chemistry II:3', 'HASS Core Elective:4', 'PHYS 1200 - Physics II:4']}, 'Third Year': {'Arch': ['BIOL 4200 - Biostatistics:4', 'CHEM 4440 - Physical Chemistry for Life Sciences:4', 'HASS Core Elective:4'], 'Fall': ['BCBP 4760 - Molecular Biochemistry I:4'], 'Spring': ['ILEA 4400 - Independent Learning Experience:0']}, 'Fourth Year': {'Fall': ['BIOL 4990 - Senior Research Thesis:4', 'Molecular Biophysics Module:4', 'Restricted Elective:4'], 'Spring': ['Free Elective:4']}}"
"Biological Neuroscience, B.S.:{'First Year': {'Fall': ['HASS Core Elective:4', 'BIOL 1010 - Introduction to Biology:3', ['BIOL 1015 - Introduction to Biology Laboratory:1', 'BIOL 1016 - Introduction to Biology Computational Laboratory Credit Hours:1'], 'CHEM 1110 - Chemistry I:4', 'MATH 1010 - Calculus I:4'], 'Spring': ['HASS Core Elective:4', 'BIOL 2120 - Introduction to Cell and Molecular Biology:3', 'BIOL 2125 - Introduction to Cell and Molecular Biology Laboratory:1', 'CHEM 1200 - Chemistry II:4', 'MATH 1020 - Calculus II:4']}, 'Second Year': {'Fall': ['HASS Core Elective:4', 'BIOL 2500 - Genetics and Evolution:4', 'CHEM 2250 - Organic Chemistry I:3', 'CHEM 2230 - Organic Chemistry Laboratory I:1', ['PHYS 1100 - Physics I (M):4', 'PHYS 1110 - Physics I (S) Credit Hours:4']], 'Spring': ['HASS Core Elective:4', 'ADMN 1030 - ARCH Exploration & Planning:0', 'BIOL 4620 - Molecular Biology:4', 'CHEM 2260 - Organic Chemistry II:3', 'CHEM 2240 - Organic Chemistry Laboratory II:1', 'PHYS 1200 - Physics II:4']}, 'Third Year': {'Arch': ['BIOL 4760 - Molecular Biochemistry I:4', 'HASS Core Neuroscience Elective:4', 'Advanced Biology Laboratory Option:6', 'Free Elective:2'], 'Fall': ['HASS Core Neuroscience Elective:4'], 'Spring': ['ILEA 4400 - Independent Learning Experience:0']}, 'Fourth Year': {'Fall': ['BIOL 4260 - Advanced Cell Biology:4', 'BIOL 4270 - Human Physiology:4'], 'Spring': ['Free Elective:4', 'BIOL 4100 - From Neuron to Behavior:4']}}"
"Biology, B.S.:{'First Year': {'Fall': ['HASS Core Elective:4', 'BIOL 1010 - Introduction to Biology:3', ['BIOL 1015 - Introduction to Biology Laboratory:1', 'BIOL 1016 - Introduction to Biology Computational Laboratory Credit Hours:1'], 'CHEM 1110 - Chemistry I:4', 'MATH 1010 - Calculus I:4'], 'Spring': ['HASS Core Elective:4', 'BIOL 2120 - Introduction to Cell and Molecular Biology:3', 'BIOL 2125 - Introduction to Cell and Molecular Biology Laboratory:1', 'CHEM 1200 - Chemistry II:4', 'MATH 1020 - Calculus II:4']}, 'Second Year': {'Fall': ['HASS Core Elective:4', 'BIOL 2500 - Genetics and Evolution:4', 'CHEM 2230 - Organic Chemistry Laboratory I:1', 'CHEM 2250 - Organic Chemistry I:3', ['PHYS 1100 - Physics I (M):4', 'PHYS 1110 - Physics I (S) Credit Hours:4']], 'Spring': ['ADMN 1030 - ARCH Exploration & Planning:0', 'BIOL 4620 - Molecular Biology:4', 'CHEM 2240 - Organic Chemistry Laboratory II:1', 'CHEM 2260 - Organic Chemistry II:3', 'HASS Core Elective:4', 'PHYS 1200 - Physics II:4']}, 'Third Year': {'Arch': ['HASS Core Elective:4'], 'Fall': ['Advanced Laboratory Requirement:6', 'Free Elective:2'], 'Spring': ['ILEA 4400 - Independent Learning Experience:0']}, 'Fourth Year': {'Fall': ['Biology Elective:4', 'Free Elective:4', 'Free Elective:4', 'Free Elective:4'], 'Spring': ['Biology Elective:4', 'Biology Elective:4', 'Free Elective:4', 'Free Elective:4']}}"
"Biomedical Engineering:{'First Year': {'Fall': ['\xa0HASS Elective:\n', 'CHEM 1100 - Principles of Chemistry I:4', 'ENGR 1100 - Introduction to Engineering Analysis:4', 'ENGR 1200 - Engineering Graphics and CAD:1', 'MATH 1010 - Calculus I:4'], 'Spring': ['HASS\xa0Elective-:4', 'BIOL 2120 - Introduction to Cell and Molecular Biology:3', 'BIOL 2125 - Introduction to Cell and Molecular Biology Laboratory:1', 'ENGR 1300 - Engineering Processes:1', 'MATH 1020 - Calculus II:4', 'PHYS 1110 - Physics I (S):4']}, 'Second Year': {'Fall': ['BMED 2050 - Programming for BME:3', 'MATH 2010 - Multivariable Calculus and Matrix Algebra:4', 'MATH 2400 - Introduction to Differential Equations:4', 'PHYS 1200 - Physics II:4'], 'Spring': ['ADMN 1030 - ARCH Exploration & Planning:0', 'BMED 2100 - Biomaterials Science and Engineering:4', 'BMED 2300 - Bioimaging and Bioinstrumentation:4', 'BMED 2540 - Biomechanics:4', 'ENGR 2600 - Modeling and Analysis of Uncertainty:3']}, 'Third Year': {'Arch': ['BMED 4200 - Modeling of Biomedical Systems:3', 'BMED 4250 - Biomedical Transport Phenomena:4', 'ENGR 4010 - Professiona:L', 'HASS\xa0Elective -: ', 'Free Elective\xa0 -:3'], 'Fall': ['BME\xa0Tech Elective I -:3', 'Free Elective -:3'], 'Spring': ['ILEA 4400 - Independent Learning Experience:0']}, 'Fourth Year': {'Fall': ['BME Tech Elective II -:3', 'Free Elective-:3', 'HASS Elective -:4', 'BMED 4010 - Biomedical Engineering Laboratory:4', 'BMED 4260 - Biomedical Product Development and Commercialization:3'], 'Spring': ['BME Tech Elective III -:3', 'BME Tech Elective IV -:3', 'Free Elective\xa0 -:3', 'HASS\xa0Elective\xa0 -:4', 'BMED 4600 - Biomedical Engineering Design:3']}}"
"Biotechnology and Health Economics:{'First Year': {'Fall': ['BIOL 1010 - Introduction to Biology:3', 'BIOL 1015 - Introduction to Biology Laboratory:1', 'CHEM 1110 - Chemistry I:4', 'INQR 1200 - Principles of Economics:4', 'MATH 1010 - Calculus I:4'], 'Spring': ['BIOL 2120 - Introduction to Cell and Molecular Biology:3', 'BIOL 2125 - Introduction to Cell and Molecular Biology Laboratory:1', 'CHEM 1200 - Chemistry II:4', 'ECON 2010 - Intermediate Microeconomic Theory:4', 'MATH 1020 - Calculus II:4']}, 'Second Year': {'Fall': ['CHEM 2250 - Organic Chemistry I:3', 'CHEM 2230 - Organic Chemistry Laboratory I:1', 'MATH 2010 - Multivariable Calculus and Matrix Algebra:4', 'Required Economics\xa0Course #1:4'], 'Spring': ['Biotech and Health Economics Focus ARea Course #1:4', 'Required Economics Course #2:4', 'Free Elective:4', ['PHYS 1100 - Physics I (M):4', 'PHYS 1110 - Physics I (S) Credit Hours:4']]}, 'Third Year': {'Arch': ['BCBP 4760 - Molecular Biochemistry I:4', 'ECON 4570 - Econometrics:4', 'Free Elective:4', 'Free Elective:4'], 'Fall': ['Biotech and Health Economics Focus Area\xa0Course #2:4', 'Free Elective:4', 'Free Elective:4', 'Required Economics Course #3\xa0{see Footnote 4}:4'], 'Spring': ['ILEA 4400 - Independent Learning Experience:0']}, 'Fourth Year': {'Fall': ['Biotech and Health Economics Focus Area Course #3:4', 'Free Elective:4', 'Free Elective:4', 'Culminating Expe:C'], 'Spring': ['Biotech and Health Economics Focus Area Course #4:4', 'Free Elective:4', 'Free Elective:2', 'Advanced Biology Lab; students :', 'BCBP 4710 - Biochemistry Laboratory:6', 'BIOL 4710 - Biochemistry Laboratory:6', 'BIOL 4320 - Microbiology Lab:6', 'BIOL 4720 - Molecular Biology Laboratory:6']}}"
"Building Sciences B.S.:{'First Year': {'Fall': ['ARCH 2150 - The Ethos of Architecture:3', 'ARCH 2160 - Architectural Media:2', 'ARCH 2510 - Materials and Design:2', 'ARCH 2520 - Digital Constructs 1:2', 'ARCH 2800 - Architectural Design Studio 1:5', 'MATH 1500 - Calculus for Architecture, Management, and HASS:4'], 'Spring': ['ARCH 2370 - Energy, Comfort, and Ecology:2', 'ARCH 2850 - Building Performance Studio 1:5', 'ARCH 4090 - Architectural Case Studies:2', 'MATH 1520 - Mathematical Methods in Management and Economics:4', 'PHYS 1050 - General Physics:4']}, 'Second Year': {'Fall': ['Concentration 1:4', 'ARCH 2330 - Structures 1:3', 'ARCH 2350 - Construction Systems:2', 'ARCH 2860 - Building Performance Studio 2:5', 'ARCH 4560 - Materials and Enclosures:2'], 'Spring': ['Concentration 2:4', 'Science Elective:4', 'ADMN 1030 - ARCH Exploration & Planning:0', 'ARCH 2360 - Environmental and Ecological Systems:4', 'ARCH 4550 - Professional Practice 2:2', 'ARCH 4740 - Building Systems and Environment:4']}, 'Third Year': {'Arch': ['HASS Core Elective:4', 'HASS Core Elective:4', 'HASS Core Elective:4', 'HASS Core Elective:4'], 'Fall': ['Concentration 3:4', 'HASS Core Elective:4', 'Professional Elective:2', 'Free Elective:4'], 'Spring': ['ILEA 4400 - Independent Learning Experience:0']}, 'Fourth Year': {'Fall': ['Concentration 4:4', 'Elective:4', 'HASS Core Elective:4', 'ARCH 4330 - Structures 2:3', 'ARCH 4510 - Construction Industry Seminar 1:2'], 'Spring': ['Elective:4', 'Science Elective:4', 'ARCH 4520 - Construction Industry Seminar 2:2', 'ARCH 4530 - Building Sciences Capstone:4']}}"
"Business Analytics B.S.:{'First Year': {'Fall': ['MGMT 1100 - Management in the Digital Age:4', 'MATH 1010 - Calculus I:4', 'INQR 1200 - Principles of Economics:4', 'HASS Core Elective:4'], 'Spring': ['MGMT 2430 - Marketing Principles:4', 'MATH 1020 - Calculus II:4', 'HASS or Science Elective:4', 'HASS Ethics Option:4']}, 'Second Year': {'Fall': ['MGMT 1240 - Management Professional Development 1:2', 'MGMT 2100 - Statistical Methods:4', 'MATH 2010 - Multivariable Calculus and Matrix Algebra:4', 'HASS or Science Elective:4'], 'Spring': ['ADMN 1030 - ARCH Exploration and Planning:0', 'CSCI 1100 - Computer Science I:4', 'MGMT 2300 - Financial Accounting in the Digital Age:4', 'ECON 4280 - Econometric Methods for Big Data:4', 'ECON 4570 - Econometrics:4', 'Elective:4']}, 'Third Year': {'Arch': ['MGMT 2320 - Managerial Finance:4', 'MGMT 4140 - Computer Information Systems:4', 'MGMT 4850 - Organizational Behavior in High Performance Organizations:4', 'HASS Core Elective:4'], 'Fall': ['CSCI 1200 - Data Structures:4', 'MGMT 4100 - Quantitative Methods for Business:4', 'MGMT 4110 - Operations Management:4', 'HASS or Science Elective:4', 'MGMT 4800 - Business Undergraduate Internship:0'], 'Spring': ['ILEA 4400 - Independent Learning Experience:0']}, 'Fourth Year': {'Fall': ['MGMT 4170 - Data Resource Management:4', 'MGMT 4190 - Introduction to Machine Learning Applications:4', 'Science Core Elective:', 'Elective:4'], 'Spring': ['MGMT 4870 - Strategy and Policy:4', 'Capstone:4', 'HASS or Science Elective:2', 'Elective:4']}}"
"Business and Management, B.S.:{'First Year': {'Fall': ['MGMT 1100 - Management in the Digital Age:4', 'MGMT 2510 - Introduction to Data Management and Analytics:4', 'INQR 1200 - Principles of Economics:4', 'MATH 1010 - Calculus I:4', 'MATH 1500 - Calculus for Architecture, Management, and HASS:4'], 'Spring': ['MGMT 1260 - Business Ethics and Law:4', 'MGMT 2430 - Marketing Principles:4', 'MATH 1020 - Calculus II:4', 'MATH 1520 - Mathematical Methods in Management and Economics:4', 'HASS Core Elective:4']}, 'Second Year': {'Fall': ['MGMT 1240 - Management Professional Development 1:2', 'MGMT 2100 - Statistical Methods:4', 'MGMT 2300 - Financial Accounting in the Digital Age:4', 'Science Core Elective:4', 'HASS Core Elective:4'], 'Spring': ['MGMT 1250 - Management Professional Development 2:2', 'MGMT 4100 - Quantitative Methods for Business:4', 'MGMT 4110 - Operations Management:4', 'HASS Core Elective:4', 'Elective:4']}, 'Third Year': {'Arch': ['MGMT 2320 - Managerial Finance:4', 'MGMT 4140 - Computer Information Systems:4', 'MGMT 4850 - Organizational Behavior in High Performance Organizations:4', 'Elective:4'], 'Fall': ['CSCI 1100 - Computer Science I:4', 'MGMT 4800 - Business Undergraduate Internship:0', 'MGMT 4860 - Human Resources in High Performance Organizations:4', 'HASS Core Elective:4', 'Elective:4'], 'Spring': ['ILEA 4400 - Independent Learning Experience:0']}, 'Fourth Year': {'Fall': ['HASS Core Elective:4', 'Science Core Elective:4', 'Elective:4'], 'Spring': ['MGMT 4870 - Strategy and Policy:4', 'Elective:4', 'Elective:4']}}"
"Chemistry - Chemical Biology Track:{'First Year': {'Fall': ['CHEM 1120 - Chemistry I Honors:4', 'CHEM 1900 - Chemistry for Life:1', 'MATH 1010 - Calculus I:4', 'PHYS 1100 - Physics I (M):4', 'HASS Core Elective:4'], 'Spring': ['CHEM 1220 - Chemistry II Honors:4', 'MATH 1020 - Calculus II:4', 'PHYS 1200 - Physics II:4', 'HASS Core Elective:4']}, 'Second Year': {'Fall': ['CHEM 2110 - Equilibrium Chemistry and Quantitative Analysis:3', 'CHEM 2120 - Experimenta:A', 'CHEM 2250 - Organic Chemistry I:3', 'MATH 2400 - Introduction to Differential Equations:4', 'HASS Core Elective:4'], 'Spring': ['ADMN 1030 - ARCH Exploration & Planning:0', 'CHEM 2030 - Inorganic Chemistry I:3', 'CHEM 2260 - Organic Chemistry II:3', 'CHEM 2290 - Experimental:S', 'BIOL 2120 - Introduction to Cell and Molecular Biology:3', 'BIOL 2125 - Introduction to Cell and Molecular Biology Laboratory:1', 'Elective:3']}, 'Third Year': {'Arch': ['CHEM 4410 - Macroscopic Physical Chemistry:3', 'CHEM 4760 - Molecular Biochemistry I:4', 'HASS Core Elective:4', 'Elective:4'], 'Fall': ['CHEM 4420 - Microscopic Physical Chemistry:3', 'CHEM 4030 - Experimental Chemistry:P', 'BIOL 2500 - Genetics and Evolution:4', 'HASS Core Elective:4', 'Elective:4'], 'Spring': ['ILEA 4400 - Independent Learning Experience:0']}, 'Fourth Year': {'Fall': ['CHEM 4110 - Instrumental Methods of Analysis:3', 'CHEM 4900 - Professional Development Seminar:1', 'CHEM 4950 - Culminating Research Experience:1', 'HASS Core Elective:4', 'Electives:6'], 'Spring': ['CHEM 4120 - Experimental:P', 'CHEM 4770 - Molecular Biochemistry II:4', 'BIOL 4710 - Biochemistry Laboratory:6']}}"
"Chemistry - Industrial Chemistry Track:{'First Year': {'Fall': ['CHEM 1120 - Chemistry I Honors:4', 'CHEM 1900 - Chemistry for Life:1', 'HASS Core Elective:4', 'MATH 1010 - Calculus I:4', ['PHYS 1100 - Physics I (M):4', 'PHYS 1110 - Physics I (S) Credit Hours:4']], 'Spring': ['CHEM 1220 - Chemistry II Honors:4', 'MATH 1020 - Calculus II:4', 'PHYS 1200 - Physics II:4', 'HASS Core:4']}, 'Second Year': {'Fall': ['CHEM 2110 - Equilibrium Chemistry and Quantitative Analysis:3', 'CHEM 2120 - Experimenta:A', 'CHEM 2250 - Organic Chemistry I:3', 'CHME 2010 - Material, Energy, and Entropy Balances:3', 'MATH 2400 - Introduction to Differential Equations:4'], 'Spring': ['ADMN 1030 - ARCH Exploration & Planning:0', 'CHEM 2030 - Inorganic Chemistry I:3', 'CHEM 2260 - Organic Chemistry II:3', 'CHEM 2290 - Experimental:S', 'CHEM 4200 - Industrial Chemistry:3', 'HASS Core Elective:4']}, 'Third Year': {'Arch': ['CHEM 4410 - Macroscopic Physical Chemistry:3', 'CHME 4010 - Transport Phenomena I:4', 'BIOL 1010 - Introduction to Biology:3', ['BIOL 1015 - Introduction to Biology Laboratory:1', 'BIOL 1016 - Introduction to Biology Computational Laboratory Credit Hours:1']], 'Fall': ['CHEM 4030 - Experimental Chemistry:P', 'CHEM 4420 - Microscopic Physical Chemistry:3', 'HASS Core Elective:4', 'CHME Elective from the list below:4', 'Elective:4'], 'Spring': ['ILEA 4400 - Independent Learning Experience:0']}, 'Fourth Year': {'Fall': ['CHEM 4110 - Instrumental Methods of Analysis:3', 'CHEM 4760 - Molecular Biochemistry I:4', 'CHEM 4900 - Professional Development Seminar:1', 'CHEM 4950 - Culminating Research Experience:1', 'HASS Core:4', 'Electives (either free elective\xa0or CHME elective):3'], 'Spring': ['CHEM 4120 - Experimental:P', 'CHEM 4620 - Introduction to Polymer Chemistry:3', 'HASS Core:4', 'Electives (either free elective\xa0or CHME elective):6']}}"
"Chemistry B.S.:{'First Year': {'Fall': ['CHEM 1120 - Chemistry I Honors:4', 'CHEM 1900 - Chemistry for Life:1', 'HASS Core Elective:4', 'MATH 1010 - Calculus I:4', ['PHYS 1100 - Physics I (M):4', 'PHYS 1110 - Physics I (S) Credit Hours:4']], 'Spring': ['CHEM 1220 - Chemistry II Honors:4', 'MATH 1020 - Calculus II:4', 'PHYS 1200 - Physics II:4', 'HASS Core Elective:4']}, 'Second Year': {'Fall': ['CHEM 2110 - Equilibrium Chemistry and Quantitative Analysis:3', 'CHEM 2120 - Experimenta:A', 'CHEM 2250 - Organic Chemistry I:3', 'MATH 2400 - Introduction to Differential Equations:4', 'HASS\xa0 Core Elective:4'], 'Spring': ['ADMN 1030 - ARCH Exploration & Planning:0', 'BIOL 1010 - Introduction to Biology:3', ['BIOL 1015 - Introduction to Biology Laboratory:1', 'BIOL 1016 - Introduction to Biology Computational Laboratory Credit Hours:1'], 'CHEM 2030 - Inorganic Chemistry I:3', 'CHEM 2260 - Organic Chemistry II:3', 'CHEM 2290 - Experimental:S', 'Elective:2']}, 'Third Year': {'Arch': ['CHEM 4010 - Inorganic Chemistry II:3', 'CHEM 4410 - Macroscopic Physical Chemistry:3', 'CHEM 4760 - Molecular Biochemistry I:4', 'HASS Core Elective:4', 'Free Elective:2'], 'Fall': ['CHEM 4020 - Experimental :I', 'CHEM 4420 - Microscopic Physical Chemistry:3', 'HASS Core Elective:4', 'Elective:6'], 'Spring': ['ILEA 4400 - Independent Learning Experience:0']}, 'Fourth Year': {'Fall': ['CHEM 4110 - Instrumental Methods of Analysis:3', 'CHEM 4900 - Professional Development Seminar:1', 'CHEM 4950 - Culminating Research Experience:1', 'HASS Core Elective:4', 'Electives:7'], 'Spring': ['CHEM 4120 - Experimental:P', 'CHEM 4620 - Introduction to Polymer Chemistry:3', 'Electives:1']}}"
"Civil Engineering, B.S.:{'First Year': {'Fall': ['HASS Elective:4', 'CHEM 1100 - Principles of Chemistry I:4', 'CIVL 1200 - Engineering Graphics for Civil Engineers:1', 'ENGR 1100 - Introduction to Engineering Analysis:4', 'MATH 1010 - Calculus I:4'], 'Spring': ['HASS Elective:4', '\nBasic Science Elective:4', 'CIVL 1100 - Introduction to Civil and Environmental Engineering:1', 'MATH 1020 - Calculus II:4', 'PHYS 1110 - Physics I (S):4']}, 'Second Year': {'Fall': ['CIVL 2050 - Fluid Mechanics for Civil and Environmental Engineering:4', 'ENGR 2530 - Strength of Materials:4', 'ENGR 4010 - Professiona:L', 'MATH 2400 - Introduction to Differential Equations:4', 'PHYS 1200 - Physics II:4'], 'Spring': ['ADMN 1030 - ARCH Exploration & Planning:0', 'CIVL 2030 - Introduction to Transportation Engineering:4', 'CIVL 2060 - Introduction to Water Resources Engineering:4', 'CIVL 2630 - Introduction to Geotechnical Engineering:4', 'CIVL 2670 - Introduction to Structural Engineering:4']}, 'Third Year': {'Arch': ['ENGR 2050 - Introduction to Engineering Design:4', 'ENGR 4760 - Engineering Economics:3', 'ENVE 4370 - Applied Hydrology and Design:4', 'HASS Elective:4'], 'Fall': ['CE Design Elective:3', 'CE Technical\xa0Elective:3', 'Free Elective:4'], 'Spring': ['ILEA 4400 - Independent Learning Experience:0']}, 'Fourth Year': {'Fall': ['CE Design Elective:3', 'CE Technical Elective:3', 'Free Elective:4', 'HASS Elective:4'], 'Spring': ['CIVL 4920 - Civil Engineering Capstone Design:3', '\nMath and Science Elective:4', '\nHASS Elective:4', 'Free Elective:4']}}"
"Cognitive Science B.S.:{'First Year': {'Fall': ['CSCI 1100 - Computer Science I:4', 'INQR 1140 - Minds and Machines:4', 'MATH 1010 - Calculus I:4', 'Free Elective,:4'], 'Spring': ['COGS 2120 - Introduction to Cognitive Science:4', 'CSCI 1200 - Data Structures:4', 'MATH 1020 - Calculus II:4', 'Free Elective:4']}, 'Second Year': {'Fall': ['CSCI 2200 - Foundations of Computer Science:4', 'PHIL 2140 - Introduction to Formal Logic:4', 'PSYC 2310 - Research Methods and Statistics I:4', 'Free Elective:4'], 'Spring': ['ADMN 1030 - ARCH Exploration & Planning:0', 'CSCI 2300 - Introduction to Algorithms:4', 'Free Elective:4', 'Free Elective:4', ['COGS 2340 - Introduction to Linguistics:4', 'COGS 4330 - Introduction to Cognitive Neuroscience Credit Hours:4']]}, 'Third Year': {'Arch': ['Free Elective:4', 'Free Elective:4', 'Free Elective:4'], 'Fall': ['Free Elective:4'], 'Spring': ['ILEA 4400 - Independent Learning Experience:0']}, 'Fourth Year': {'Fall': ['Cognitive Science Elective:4', 'Free Elective:4', 'Free Elective:4', 'Free Elective:4'], 'Spring': ['Cognitive Science Elective:4', 'Free Elective:4', 'Free Elective:4']}}"
"Communication, Media, and Design, B.S.:{'First Year': {'Fall': ['HASS Core Elective:4', 'Science Core Elective:4', 'Math Elective:4'], 'Spring': ['INQR 1492 - Language and Power:4', 'INQR 1560 - Media and Society:4', 'INQR 1562 - Life in Color:4']}, 'Second Year': {'Fall': ['Science Core Elective:4', 'Major Elective:4', 'Free Elective:4', 'COMM 2660 - Introduction to Graphic Design:4'], 'Spring': ['Major Elective:4', 'Free Elective:4', 'Science Core Elective:4', 'ADMN 1030 - ARCH Exploration & Planning:0', 'COMM 2520 - Communication Theory and Practice:4']}, 'Third Year': {'Arch': ['Major Elective:4', 'Free Elective:4', 'Free Elective:4'], 'Fall': ['HASS Core Elective:4', 'Major Elective:4', 'Free Elective:4', 'Free Elective:4'], 'Spring': ['ILEA 4400 - Independent Learning Experience:0']}, 'Fourth Year': {'Fall': ['HASS Core Elective:4', 'HASS Core Elective:4', 'Free Elective:4', 'COMM 4930 - Pro-Seminar in Communication, Media, and Design:4'], 'Spring': ['HASS Core Elective:4', 'Free Elective:4', 'Free Elective:4', 'Major Elective:4']}}"
"Computational Biology, B.S.:{'First Year': {'Fall': ['HASS Core Elective:4', 'BIOL 1010 - Introduction to Biology:3', ['BIOL 1015 - Introduction to Biology Laboratory:1', 'BIOL 1016 - Introduction to Biology Computational Laboratory Credit Hours:1'], 'CHEM 1110 - Chemistry I:4', 'MATH 1010 - Calculus I:4'], 'Spring': ['BIOL 2120 - Introduction to Cell and Molecular Biology:3', 'BIOL 2125 - Introduction to Cell and Molecular Biology Laboratory:1', 'CHEM 1200 - Chemistry II:4', 'CSCI 1100 - Computer Science I:4', 'MATH 1020 - Calculus II:4']}, 'Second Year': {'Fall': ['HASS Core Elective:4', 'BIOL 2500 - Genetics and Evolution:4', 'CHEM 2230 - Organic Chemistry Laboratory I:1', 'CHEM 2250 - Organic Chemistry I:3', ['PHYS 1100 - Physics I (M):4', 'PHYS 1110 - Physics I (S) Credit Hours:4']], 'Spring': ['ADMN 1030 - ARCH Exploration & Planning:0', 'BIOL 4620 - Molecular Biology:4', 'CHEM 2240 - Organic Chemistry Laboratory II:1', 'CHEM 2260 - Organic Chemistry II:3', 'HASS Core Elective:4', 'PHYS 1200 - Physics II:4']}, 'Third Year': {'Arch': ['BIOL 4200 - Biostatistics:4', 'BIOL 4760 - Molecular Biochemistry I:4', 'HASS Core Elective:4', 'Free Elective:4'], 'Fall': ['Focus Elective:4', 'Focus Elective:4'], 'Spring': ['ILEA 4400 - Independent Learning Experience:0']}, 'Fourth Year': {'Fall': ['HASS Core Elective: ', 'Focus Elective: '], 'Spring': ['Advanced Laboratory Option:6', 'Free Elective: ']}}"
"Computer and Systems Engineering, B.S.:{'First Year': {'Fall': ['HASS Core Elective:4', 'CSCI 1100 - Computer Science I:4', 'ECSE 1010 - Introduction to Electrical, Computer, and Systems Engineering:4', 'MATH 1010 - Calculus I:4'], 'Spring': [['ENGR 1200 - Engineering Graphics and CAD:1', 'ENGR 1400 - Engineering Communications Credit Hours:1']]}, 'Second Year': {'Fall': ['CSCI 2200 - Foundations of Computer Science:4', 'ENGR 2350 - Embedded Control:4', 'MATH 2400 - Introduction to Differential Equations:4', 'PHYS 1200 - Physics II:4'], 'Spring': ['ADMN 1030 - ARCH Exploration & Planning:0', 'CSCI 2300 - Introduction to Algorithms:4', 'ECSE 2010 - Electric Circuits:4', 'HASS Core Elective:4', 'MATH 2010 - Multivariable Calculus and Matrix Algebra:4']}, 'Third Year': {'Arch': ['ECSE 2660 - Computer Architecture, Networks, and Operating Systems:4', 'ENGR 2050 - Introduction to Engineering Design:4', 'HASS Core Elective:4', 'Free Elective:3', 'STSO 4100 - Professional Development 傍echnical Issues and Solutions:2'], 'Fall': ['HASS Core Elective:4'], 'Spring': ['ILEA 4400 - Independent Learning Experience:0']}, 'Fourth Year': {'Fall': ['Computer Engineering Elective:3', 'Restricted Elective:3', 'Technical Elective:3', 'Free Elective:3', 'ECSE 4900 - Multidisciplinary Capstone Design:3', 'ENGR 4010 - Professiona:L'], 'Spring': ['\nRestricted Elective:3', '\nScience Elective:4', '\nFree Electives (2 if needed):3', 'HASS Core Elective:4']}}"
"Computer Science, B.S.:{'First Year': {'Fall': ['HASS Core Elective\xa0:4', 'CSCI 1100 - Computer Science I:4', 'MATH 1010 - Calculus I:4', ['PHYS 1100 - Physics I (M):4', 'PHYS 1110 - Physics I (S) Credit Hours:4']], 'Spring': ['HASS Core Elective:4', 'CSCI 1200 - Data Structures:4', 'MATH 1020 - Calculus II:4', 'BIOL 1010 - Introduction to Biology:3', ['BIOL 1015 - Introduction to Biology Laboratory:1', 'BIOL 1016 - Introduction to Biology Computational Laboratory Credit Hours:1']]}, 'Second Year': {'Fall': ['Mathematics\xa0Option I:4', 'HASS Core Elective:4', 'CSCI 2200 - Foundations of Computer Science:4', 'CSCI 2500 - Computer Organization:4'], 'Spring': ['Mathematics\xa0Option II:4', 'HASS Core Elective:4', 'ADMN 1030 - ARCH Exploration & Planning:0', 'CSCI 2300 - Introduction to Algorithms:4', 'CSCI 2600 - Principles of Software:4']}, 'Third Year': {'Arch': ['CSCI\xa04000-level Track Course:4', 'HASS Core Elective:4', 'Free Elective:4', 'Free Elective:4'], 'Fall': ['CSCI\xa04000-level Track Course:4', 'Science Option:4', 'HASS Core Elective:4', 'Free Elective:4'], 'Spring': ['ILEA 4400 - Independent Learning Experience:0']}, 'Fourth Year': {'Fall': ['CSCI 4000-level Track Course:4', 'CSCI 4000-level Track Course:4', 'Free Elective:4', 'Free Elective:4'], 'Spring': ['CSCI 4000-level Track Course:4', 'Free Elective:4', 'Free Elective:4']}}"
"Design, Innovation, and Society B.S.:{'First Year': {'Fall': ['INQR 1610 - Design and Innovation Studio I:4', 'STSO 1100 - Science, Technology, and Society:4', 'HASS Core Elective:4', 'Science Core Elective:4'], 'Spring': ['STSO 2210 - Design, Culture, and Society:4', 'STSO 2610 - Design and Innovation Studio II:4', 'HASS Core Elective:4', '\u200bScience Core Elective:4']}, 'Second Year': {'Fall': ['STSO 2020 - Design and Innovation Studio III:4', 'HASS Core Elective:4', 'Science Core Elective:4', 'Complementary Area of Study:4'], 'Spring': ['ADMN 1030 - ARCH Exploration & Planning:0', 'Design Elective:4', 'STS Advanced Option:4', 'Science Core Elective:4', 'Complementary Area of Study:4']}, 'Third Year': {'Arch': ['STSO 4600 - Design and Innovation Studio A:4', 'STS Advanced Option:4', 'HASS Core Elective:4', 'Complementary Area of Study:4'], 'Fall': ['Science Core Elective:4', 'HASS Core Elective:4', 'Complementary Area of Study:4'], 'Spring': ['ILEA 4400 - Independent Learning Experience:0']}, 'Fourth Year': {'Fall': ['Science Core Elective:4', 'HASS Core Elective:4', 'Free Elective:4', 'Free Elective:4'], 'Spring': ['Capstone Design Elective:4', 'Free Elective:4', 'STSO 4970 - Design and Innovation Senior Project:4']}}"
"Economics B.S.:{'First Year': {'Fall': ['INQR 1200 - Principles of Economics:4', 'MATH 1010 - Calculus I:4', 'Science Core Elective:4', 'HASS Core Elective:4'], 'Spring': ['MATH 1020 - Calculus II:4', 'Science Core Elective:4', 'HASS Core Elective:4', 'Free Elective:4']}, 'Second Year': {'Fall': ['ECON 2010 - Intermediate Microeconomic Theory:4', 'MATH 2010 - Multivariable Calculus and Matrix Algebra:4', 'HASS Core Electiv:4', 'Free Elective:4'], 'Spring': ['ADMN 1030 - ARCH Exploration & Planning:0', 'ECON 2020 - Intermediate Macroeconomic Theory:4', 'Economics Elective:4', 'Statistics Option:4', 'Free Elective:4']}, 'Third Year': {'Arch': ['HASS Core Elective:4', 'Science Core Elective:4', 'Free Elective:4', 'Free Elective:4', 'Free Elective:4'], 'Fall': ['ECON 4570 - Econometrics:4', 'Economics Elective:4', 'HASS Core Elective:4', 'Free Elective:4'], 'Spring': ['ILEA 4400 - Independent Learning Experience:0']}, 'Fourth Year': {'Fall': ['HASS Core Elective:4', 'Free Elective:4', 'Culminating Experience:4'], 'Spring': ['Economics Elective:4', 'Free Elective:4', 'Free Elective:4', 'Free Elective:4']}}"
"Electrical Engineering B.S.:{'First Year': {'Fall': ['CSCI 1100 - Computer Science I:4', 'ECSE 1010 - Introduction to Electrical, Computer, and Systems Engineering:4', 'HASS Core Elective:4', 'MATH 1010 - Calculus I:4'], 'Spring': ['ENGR 2350 - Embedded Control:4', 'Science Elective:4', 'MATH 1020 - Calculus II:4', 'PHYS 1110 - Physics I (S):4']}, 'Second Year': {'Fall': ['ECSE 2610 - Computer Components and Operations:4', 'HASS Core Elective:4', 'MATH 2400 - Introduction to Differential Equations:4', 'PHYS 1200 - Physics II:4'], 'Spring': ['ADMN 1030 - ARCH Exploration & Planning:0', 'ECSE 2010 - Electric Circuits:4', 'ECSE 2500 - Engineering Probability:3', 'MATH 2010 - Multivariable Calculus and Matrix Algebra:4', 'HASS Core Elective:4']}, 'Third Year': {'Arch': ['ECSE 2110 - Electrical Energy Systems:3', 'ENGR 2050 - Introduction to Engineering Design:4', 'STSO 4100 - Professional Development 傍echnical Issues and Solutions:2', 'HASS Core Elective:4', 'Free Elective:3'], 'Fall': ['Math/Science Elective:4'], 'Spring': ['ILEA 4400 - Independent Learning Experience:0']}, 'Fourth Year': {'Fall': ['ECSE 2210 - Microelectronics Technology:3', 'ECSE 4900 - Multidisciplinary Capstone Design:3', 'ENGR 4010 - Professiona:L', 'Laboratory Elective:3', 'Restricted Elective:3', 'Technical Elective:3'], 'Spring': ['Restricted Elective:3', 'Free Electives (2 or 3 if needed):6', 'HASS Core Elective:4']}}"
"Electronic Arts, B.S.:{'First Year': {'Fall': ['HASS Core Elective:4', 'Studio Elective:4', 'Science Elective:4', ['MATH 1500 - Calculus for Architecture, Management, and HASS:4', 'MATH 1010 - Calculus I Credit Hours:4']], 'Spring': ['History/Theory Elective:4', 'Focus Area Elective:4', ['MATH 1020 - Calculus II:4', 'MATH 1520 - Mathematical Methods in Management and Economics Credit Hours:4'], 'CSCI 1100 - Computer Science I:4']}, 'Second Year': {'Fall': ['Focus Area Elective:4', 'Focus Area Elective:4', 'Science Core Elective:4', 'Studio Elective:4'], 'Spring': ['ADMN 1030 - ARCH Exploration & Planning:0', 'Focus Area Elective:4', 'Science Core Elective:4', 'Free Elective:4', 'HASS Core Elective:4']}, 'Third Year': {'Arch': ['HASS Core Elective:4', 'Free Elective:4', 'Free Elective:4'], 'Fall': ['Focus Area Elective:4', 'HASS Core Elective:4', 'Free Elective:4', 'Free Elective:4'], 'Spring': ['ILEA 4400 - Independent Learning Experience:0']}, 'Fourth Year': {'Fall': ['Focus Area Elective:4', 'Free Elective:4', 'HASS Core Elective:4', 'ARTS 4840 - Creative Seminar I:4'], 'Spring': ['Free Elective:4', 'Free Elective:4', 'HASS Core Elective:4', 'ARTS 4850 - Creative Seminar II:4']}}"
"Engineering Core Curriculum:{'First Year': {'Fall': ['CHEM 1100 - Principles of Chemistry I:4', 'ENGR 1100 - Introduction to Engineering Analysis:4', 'ENGR 1200 - Engineering Graphics and CAD:1', 'HASS Core Elective:4', 'MATH 1010 - Calculus I:4'], 'Spring': ['ENGR 1300 - Engineering Processes:1', 'MATH 1020 - Calculus II:4', 'PHYS 1110 - Physics I (S):4', '\xa0Science Elective:4', 'HASS Core Elective:4']}, 'Second Year': {'Fall': ['MATH 2400 - Introduction to Differential Equations:4', 'PHYS 1200 - Physics II:4', 'Engineering Elective:4', 'Engineering Elective:4', 'HASS Core Elective:4'], 'Spring': ['ENGR 2050 - Introduction to Engineering Design:4', 'Engineering Elective:4', 'Engineering Elective:4', 'HASS Core Elective:4']}, 'Third Year': {'Arch': [], 'Fall': [], 'Spring': []}, 'Fourth Year': {'Fall': [], 'Spring': []}}"
"Environmental Engineering B.S.:{'First Year': {'Fall': ['HASS Core Elective:4', 'CHEM 1110 - Chemistry I:4', 'CIVL 1200 - Engineering Graphics for Civil Engineers:1', 'ENGR 1100 - Introduction to Engineering Analysis:4', 'MATH 1010 - Calculus I:4'], 'Spring': ['HASS Core Elective:4', 'CHEM 1200 - Chemistry II:4', 'CIVL 1100 - Introduction to Civil and Environmental Engineering:1', 'MATH 1020 - Calculus II:4', 'PHYS 1110 - Physics I (S):4']}, 'Second Year': {'Fall': ['Biological Science Elective:4', 'CIVL 2050 - Fluid Mechanics for Civil and Environmental Engineering:4', 'MATH 2400 - Introduction to Differential Equations:4', 'PHYS 1200 - Physics II:4'], 'Spring': ['ADMN 1030 - ARCH Exploration & Planning:0', 'CIVL 1300 - Beginning Programming in Civil and Environmental Engineering:1', 'CIVL 2060 - Introduction to Water Resources Engineering:4', 'ENVE 2110 - Introduction to Environmental Engineering:4', 'ENGR 2600 - Modeling and Analysis of Uncertainty:3', 'HASS Core Elective:4']}, 'Third Year': {'Arch': ['ENGR 2050 - Introduction to Engineering Design:4', 'ENGR 4010 - Professiona:L', 'ENVE 4370 - Applied Hydrology and Design:4', 'HASS Core Elective:4', 'Free Elective I:4'], 'Fall': ['ENVE 4320 - Environmental Chemodynamics:4', 'ENVE 4340 - Physicochemical Processes in Environmental Engineering:4', 'STSO 4100 - Professional Development 傍echnical Issues and Solutions:2', 'Technical Elective:3', 'Multidisciplinary Eng, Elective:3'], 'Spring': ['ILEA 4400 - Independent Learning Experience:0']}, 'Fourth Year': {'Fall': ['Technical Elective\xa0:3', 'Free Elective II:4', 'ENVE 4330 - Introduction to Air Quality:3', 'ENVE 4350 - Biological Processes in Environmental Engineering:4'], 'Spring': ['HASS Core Elective:4', 'Free Elective III:4', 'Earth Science Elective:4', 'ENVE 4180 - Environmental Process Design:3']}}"
"Environmental Science B.S.:{'First Year': {'Fall': ['HASS Core Elective\xa0:4', ['CHEM 1100 - Principles of Chemistry I:4', 'CHEM 1110 - Chemistry I Credit Hours:4'], 'MATH 1010 - Calculus I:4', 'ERTH 110:E', 'ERTH 115:E'], 'Spring': ['HASS Core Elective\xa0:4', 'CHEM 1200 - Chemistry II:4', 'ERTH 1200:E', 'ERTH 1250:E', 'MATH 1020 - Calculus II:4']}, 'Second Year': {'Fall': ['ERTH 2160 - Introduction to Geobiology:4', 'CHEM 2250 - Organic Chemistry I:3', 'ERTH 2210 - Field Methods:4', 'ERTH 2200 - Environmental Data Analysis:4'], 'Spring': ['ADMN 1030 - ARCH Exploration & Planning:0', 'IENV 1910 - Environmental Seminar:2', 'Track Course\xa0or Free Elective\xa0:4', 'HASS Core Elective:4', ['PHYS 1100 - Physics I (M):4', 'PHYS 1110 - Physics I (S) Credit Hours:4']]}, 'Third Year': {'Arch': ['ERTH 4190 - Environmental Measurements:4', 'HASS Core Electives\xa0:8', 'Track Course or Free Elective\xa0:4'], 'Fall': ['Track course or Free Elective\xa0:8', 'HASS Core Elective\xa0:4'], 'Spring': ['ILEA 4400 - Independent Learning Experience:0']}, 'Fourth Year': {'Fall': ['Culminating Experience\xa0:4', 'Track Course or Free Elective\xa0:1'], 'Spring': ['Track Course and Free Elective\xa0:4', 'BIOL 4850 - Principles of Ecology:4', 'ERTH 4690 - Aqueous Geochemistry:4', 'ERTH 4750 - Geographic Information Systems in the Sciences:4']}}"
"Games and Simulation Arts and Sciences B.S.:{'First Year': {'Fall': ['GSAS 1040 - Introduction to Game Art:4', 'GSAS 2510 - Introduction to Game Design:4', 'CSCI 1100 - Computer Science I:4', ['MATH 1010 - Calculus I:4', 'MATH 1500 - Calculus for Architecture, Management, and HASS Credit Hours:4']], 'Spring': [['CSCI 1200 - Data Structures:4', 'Science Core Elective Credit Hours:4'], 'GSAS 2540 - Introduction to Game Programming:4', 'HASS Core Elective:4', ['MATH 1020 - Calculus II:4', 'MATH 1520 - Mathematical Methods in Management and Economics Credit Hours:4']]}, 'Second Year': {'Fall': ['GSAS 2520 - Introduction to Game Storytelling:4', 'GSAS 4520 - Game Development I:4', 'GSAS Concentration Course:4', 'GSAS Concentration Course:4'], 'Spring': ['ADMN 1030 - ARCH Exploration & Planning:0', 'GSAS 1600 - History and Culture of Games:4', 'GSAS 4540 - Game Development II:4', 'GSAS Concentration Course\u200b:4', 'GSAS Concentration Course\u200b:4']}, 'Third Year': {'Arch': ['HASS Core Elective:4', 'HASS Core Elective:4', 'Free Elective:4', 'Science Core Elective:4'], 'Fall': ['GSAS Concentration Course\u200b:4', 'GSAS Concentration Course\u200b:4'], 'Spring': ['ILEA 4400 - Independent Learning Experience:0']}, 'Fourth Year': {'Fall': ['HASS Core Elective:4', 'GSAS Concentration Course\u200b:4', 'Free Elective:4', 'GSAS 4990 - GSAS Capstone:4'], 'Spring': ['GSAS Concentration Course:4', 'GSAS Concentration Course:4', 'Free Elective:4', 'HASS Core Elective:4']}}"
"Geology B.S.:{'First Year': {'Fall': ['CHEM 1100 - Principles of Chemistry I:4', 'ERTH 110:E', 'ERTH 115:E', 'HASS Core Elective:4', 'MATH 1010 - Calculus I:4'], 'Spring': ['CHEM 1200 - Chemistry II:4', 'ERTH 1200:E', 'ERTH 1250:E', 'HASS Core Elective:4', 'MATH 1020 - Calculus II:4']}, 'Second Year': {'Fall': ['ERTH 2330 - Earth Materials:4', 'HASS Core Elective:4', 'MATH 2010 - Multivariable Calculus and Matrix Algebra:4', ['PHYS 1100 - Physics I (M):4', 'PHYS 1110 - Physics I (S) Credit Hours:4']], 'Spring': ['ADMN 1030 - ARCH Exploration & Planning:0', 'ERTH 2100 - Introduction to Geophysics:4', 'ERTH 2140 - Introduction to Geochemistry:4', 'HASS Core Elective:4', 'PHYS 1200 - Physics II:4']}, 'Third Year': {'Arch': ['ERTH 4190 - Environmental Measurements:4', 'HASS Elective:8', 'Free Elective:4'], 'Fall': ['Biology Requirement:4', 'Elective:8', 'ERTH 4XXX selected from the E:C'], 'Spring': ['ILEA 4400 - Independent Learning Experience:0']}, 'Fourth Year': {'Fall': ['Electives:8', 'ERTH Electives:4', 'ERTH 2120 - Structural Geology:4'], 'Spring': ['Culminating Experience\xa0:4', 'Electives\xa0:6', ['ERTH 4970 - Out-of-Classroom Experience in Earth Sciences:2', 'ERTH 4980 - Undergraduate Research Thesis Credit Hours:2']]}}"
"Hydrogeology, B.S.:{'First Year': {'Fall': ['CHEM 1100 - Principles of Chemistry I:4', 'ERTH 110:E', 'ERTH 115:E', 'HASS Core Elective:4', 'MATH 1010 - Calculus I:4'], 'Spring': ['CHEM 1200 - Chemistry II:4', 'ERTH 1200:E', 'ERTH 1250:E', 'HASS Core Elective:4', 'MATH 1020 - Calculus II:4']}, 'Second Year': {'Fall': ['HASS Core Elective:4', 'CSCI XXXX\xa0 Computer Science Elective:4', 'ERTH 2120 - Structural Geology:4', ['PHYS 1100 - Physics I (M):4', 'PHYS 1110 - Physics I (S) Credit Hours:4']], 'Spring': ['ADMN 1030 - ARCH Exploration & Planning:0', 'ERTH 2100 - Introduction to Geophysics:4', 'ERTH 2140 - Introduction to Geochemistry:4', 'HASS Core Elective:4', 'PHYS 1200 - Physics II:4']}, 'Third Year': {'Arch': ['ERTH 4190 - Environmental Measurements:4', 'HASS Core Elective:8', 'Free Elective:4'], 'Fall': ['MATH 2400 - Introduction to Differential Equations:4', 'Elective:8', 'Biology Requirement:4'], 'Spring': ['ILEA 4400 - Independent Learning Experience:0']}, 'Fourth Year': {'Fall': ['Free Elective:4', 'ENVE 2110 - Introduction to Environmental Engineering:4', 'ERTH 4710 - Groundwater Hydrology:4'], 'Spring': ['Culminating Experience:4', 'Electives:8', ['ERTH 4970 - Out-of-Classroom Experience in Earth Sciences:2', 'ERTH 4980 - Undergraduate Research Thesis Credit Hours:2']]}}"
"Industrial and Management Engineering B.S.:{'First Year': {'Fall': ['CHEM 1100 - Principles of Chemistry I:4', 'ENGR 1100 - Introduction to Engineering Analysis:4', 'ENGR 1300 - Engineering Processes:1', 'INQR 1XXX HASS Core Elective I:4', 'MATH 1010 - Calculus I:4'], 'Spring': ['CSCI 1100 - Computer Science I:4', 'ENGR 1200 - Engineering Graphics and CAD:1', 'HASS\xa0Core Elective II:4', 'MATH 1020 - Calculus II:4', 'PHYS 1110 - Physics I (S):4']}, 'Second Year': {'Fall': ['ENGR 2600 - Modeling and Analysis of Uncertainty:3', 'ISYE 2530 - Information and Data Systems:4', 'MATH 2010 - Multivariable Calculus and Matrix Algebra:4', 'MATH 2400 - Introduction to Differential Equations:4'], 'Spring': ['ADMN 1030 - ARCH Exploration & Planning:0', 'ISYE 2210 - Production and Operations Management:3', 'ISYE 4140 - Statistical Analysis:4', 'ISYE 4500 - Stochastic Methods in Operations Research:3', 'HASS\xa0Core Elective III:4', 'STSO 4100 - Professional Development 傍echnical Issues and Solutions:2']}, 'Third Year': {'Arch': ['ENGR 2050 - Introduction to Engineering Design:4', 'ENGR 4760 - Engineering Economics:3', 'PHYS 1200 - Physics II:4', 'HASS Core Elective IV :4'], 'Fall': ['ISYE 4290 - Discrete Event Simulation Modeling and Analysis:4', 'ISYE 4600 - Deterministic Methods in Operations Research:3', 'Technical Elective I:3', 'HASS Core Elective V:4', 'Management Elective I:4'], 'Spring': ['ILEA 4400 - Independent Learning Experience:0']}, 'Fourth Year': {'Fall': ['Technical Elective II\xa0:3', 'Technical Elective III:3', 'Free Elective I:4', 'Science Elective:4', 'ISYE 4210 - Design and Analysis of Supply Chains:3'], 'Spring': ['ENGR 4010 - Professiona:L', 'ISYE 4270 - Multidisciplinary Capstone Design:3', 'Technical Elective IV:3', 'Free Elective II:4', 'Free Elective III:4']}}"
"Interdisciplinary Science, B.S.:{'First Year': {'Fall': ['HASS Core Elective:4', 'CHEM 1100 - Principles of Chemistry I:4', 'MATH 1010 - Calculus I:4', ['PHYS 1100 - Physics I (M):4', 'PHYS 1110 - Physics I (S) Credit Hours:4']], 'Spring': ['CHEM 1200 - Chemistry II:4', 'MATH 1020 - Calculus II:4', 'PHYS 1200 - Physics II:4', 'HASS Core Elective:4']}, 'Second Year': {'Fall': ['BIOL 1010 - Introduction to Biology:3', 'Science Option:3', 'Science Option:3', 'HASS Core Elective:3'], 'Spring': ['ADMN 1030 - ARCH Exploration & Planning:0', 'Science Option:3', 'Science Option:3', 'Science Option:3', 'HASS Core Elective:3']}, 'Third Year': {'Arch': ['Science Option:3', 'Science Option:3', 'Science Option:3', 'HASS Core Elective:4'], 'Fall': ['Science Option:3', 'Science Option:3', 'Science Option:3', 'HASS Core Elective:4'], 'Spring': ['ILEA 4400 - Independent Learning Experience:0']}, 'Fourth Year': {'Fall': ['Science Option:3', 'Elective:3', 'Elective:3'], 'Spring': ['Science Option:3', 'Elective:3', 'Elective:3', 'Elective:3']}}"
"Materials Engineering B.S.:{'First Year': {'Fall': ['CHEM 1100 - Principles of Chemistry I:4', 'ENGR 1100 - Introduction to Engineering Analysis:4', 'HASS Core Elective:4', 'MATH 1010 - Calculus I:4', 'MTLE 1200 - Introduction to Materials Engineering:1'], 'Spring': ['ENGR 1600 - Materials Science:4', 'HASS Core Elective:4', 'MATH 1020 - Calculus II:4', 'PHYS 1110 - Physics I (S):4']}, 'Second Year': {'Fall': ['ENGR 1200 - Engineering Graphics and CAD:1', 'HASS Core Elective:4', 'MATH 2400 - Introduction to Differential Equations:4', 'MTLE 2100 - Structure of Engineering Materials:4', 'PHYS 1200 - Physics II:4'], 'Spring': ['ADMN 1030 - ARCH Exploration & Planning:0', 'ENGR 2050 - Introduction to Engineering Design:4', 'MTLE 2040 - Programming for Materials Engineers:1', 'MTLE 4200 - Electrical and Optical Properties of Materials:4', 'Restricted Elective:3']}, 'Third Year': {'Arch': ['ENGR 2600 - Modeling and Analysis of Uncertainty:3', 'MTLE 2500 - Materials Laboratory Skills:1', 'MTLE 4250 - Mechanical Properties of Materials:4', 'Restricted Elective II:3', 'HASS Core Elective:4'], 'Fall': ['HASS Core Elective:4', 'Free Elective I:4'], 'Spring': ['ILEA 4400 - Independent Learning Experience:0']}, 'Fourth Year': {'Fall': ['ENGR 4010 - Professiona:L', 'MTLE 4150 - Kinetics in Materials Systems:4', 'MTLE 4500 - Computational Materials Design:3', 'Materials Elective I:3', 'Free Elective II:4'], 'Spring': ['MTLE 4400 - Materials Synthesis and Processing:4', 'MTLE 4920 - Multidisciplinary Capstone Design:3']}}"
"Mathematics B.S.:{'First Year': {'Fall': ['CSCI 1100 - Computer Science I:4', 'HASS Core Elective:4', 'MATH 1010 - Calculus I:4', 'MATH 1900 - Art and Science of Mathematics I:1', 'PHYS 1100 - Physics I (M):4'], 'Spring': ['MATH 1020 - Calculus II:4', 'Elective:4', 'Elective:4', 'HASS Core Elective:4']}, 'Second Year': {'Fall': ['BIOL 1010 - Introduction to Biology:3', 'BIOL 1015 - Introduction to Biology Laboratory:1', 'Elective:4', 'HASS Core Elective:4', 'MATH 2010 - Multivariable Calculus and Matrix Algebra:4'], 'Spring': ['MATH 2400 - Introduction to Differential Equations:4', 'Elective:4', 'HASS Core Elective:4', 'MATH 4xxx Math Core I:4']}, 'Third Year': {'Arch': ['MATH\xa0Option:4', 'Elective:4', 'HASS Core Elective:4', 'MATH 4xxx Math Core II:4'], 'Fall': ['Capstone I:4', 'Elective:4', 'Elective:4', 'HASS Core Elective:4'], 'Spring': ['ILEA 4400 - Independent Learning Experience:0']}, 'Fourth Year': {'Fall': ['Capstone II:4', 'Elective:4', 'Elective:4', 'Math Option:4'], 'Spring': ['Capstone III:4', 'Elective:4', 'Elective:4']}}"
"Mechanical Engineering, B.S.:{'First Year': {'Fall': ['CHEM 1100 - Principles of Chemistry I:4', 'ENGR 1100 - Introduction to Engineering Analysis:4', 'ENGR 1200 - Engineering Graphics and CAD:1', 'HASS Core Elective:4', 'MATH 1010 - Calculus I:4'], 'Spring': ['ENGR 1300 - Engineering Processes:1', 'ENGR 1600 - Materials Science:4', 'HASS Core Elective:4', 'MATH 1020 - Calculus II:4', 'PHYS 1110 - Physics I (S):4']}, 'Second Year': {'Fall': ['ENGR 2530 - Strength of Materials:4', 'MANE 2710 - Thermodynamics:3', 'MATH 2400 - Introduction to Differential Equations:4', 'PHYS 1200 - Physics II:4', 'STSO 4100 - Professional Development 傍echnical Issues and Solutions:2'], 'Spring': ['ADMN 1030 - ARCH Exploration & Planning:0', 'ENGR 2300 - Electronic Instrumentation:4', 'MANE 2110 - Numerical Methods and Programming for Engineers:3', 'MATH 2010 - Multivariable Calculus and Matrix Algebra:4', 'SoE-2... -\xa0 Engineering Design Elective:4']}, 'Third Year': {'Arch': ['ENGR 2090 - Engineering Dynamics:4', 'HASS Core Elective:4', 'MANE 2720 - Fluid Mechanics:3', 'MANE 4030 - Elements of Mechanical Design:4'], 'Fall': ['ENGR 2600 - Modeling and Analysis of Uncertainty:3', 'Free Elective:4', 'MANE 4500 - Modeling and Control of Dynamic Systems:3', 'MANE 4730 - Heat Transfer:3', 'MANE 4040 - Mechanical Systems Laboratory:2', 'MANE 4740 - Thermal and Fluids Engineering Laboratory:2'], 'Spring': ['ILEA 4400 - Independent Learning Experience:0']}, 'Fourth Year': {'Fall': ['ENGR 4010 - Professiona:L', 'MANE 4260 - Multidisciplinary Capstone Design:3', 'MANE 4510 - Control Systems Laboratory:2', 'HASS Core Elective: ', 'MANE 4... - Technical Elective: ', 'MANE 4... - Computation Elective: '], 'Spring': ['SoE/SoS-4... - Technical Elective II: ', 'Free Elective:4', 'Free Elective:4', 'HASS Core Elective\xa0:4']}}"
"Music B.S.:{'First Year': {'Fall': ['HASS Core Elective:4', 'Private Music Lesson\xa0or Ensemble:1', 'ARTS 2020 - Music and Technology I:4', 'ARTS 2380 - Music and Sound I:4', 'MATH 1010 - Calculus I:4', 'MATH 1500 - Calculus for Architecture, Management, and HASS:4'], 'Spring': ['HASS Core Elective:4', '\n(Optional) Private Music Lesson\xa0or Ensemble:1', 'ARTS 4160 - Music and Technology II:4', 'ARTS 4380 - Music and Sound II:4', ['MATH 1020 - Calculus II:4', 'MATH 1520 - Mathematical Methods in Management and Economics Credit Hours:4']]}, 'Second Year': {'Fall': ['Science Core Elective:4', '*Free Elective:4'], 'Spring': ['ARTS 2030 - The Art of Songwriting:4', 'ARTS 2180 - Deep Listening:4', 'ARTS 2700 - Sound Recording and Production I:4', 'or\n\nPrivate Music Lesson or Ensemble:1', 'Private Music Lesson or Ensemble:1', 'Private Music Lesson or Ensemble:1']}, 'Third Year': {'Arch': ['Science Core Elective:4', 'HASS Core Elective:4', 'HASS Core Elective:4', 'Free Elective or History and Culture course:4'], 'Fall': ['ARTS 4390 - Composition Seminar:4', ['ARTS 4880 - Interdisciplinary Research Seminar:4', 'ARTS 4500 - Topics in the History and Analysis of Music Credit Hours:4'], 'Science Core Elective:4', 'Free Elective:4'], 'Spring': ['ILEA 4400 - Independent Learning Experience:0']}, 'Fourth Year': {'Fall': ['Free Elective:4', 'Free Elective or Culminating Experience:4', 'Free Elective or ARTS 4500\xa0:4'], 'Spring': ['Free Elective or Culminating Experience:4', 'Free Elective or ARTS 4880\xa0:4', 'Free Elective:4', 'Free Elective:4']}}"
"Philosophy B.S.:{'First Year': {'Fall': ['HASS Core Elective:4', 'Science Core Elective:4', ['MATH 1010 - Calculus I:4', 'MATH 1500 - Calculus for Architecture, Management, and HASS Credit Hours:4']], 'Spring': ['INQR 1130 - Philosophy, Technology, & the Human Future:4', 'INQR 1140 - Minds and Machines:4', 'INQR 1150 - The Genome and You:4', 'INQR 1160 - Science and Scientific Misconduct:4', 'INQR 1165 - Great Ideas in Philosophy:4', 'INQR 1235 - Are Humans Rational?:4', 'PHIL 1110 - Introduction to Philosophy:4']}, 'Second Year': {'Fall': ['PHIL 2140 - Introduction to Formal Logic:4', 'Science Core Elective:4', 'HASS Core Elective:4', 'Free Elective:4'], 'Spring': ['HASS Core Elective:4', 'Free Elective:4', 'Free Elective:4', 'Philosophy of Science Elective:4']}, 'Third Year': {'Arch': ['Philosophy Elective:4', 'HASS Core Elective:4', 'Science Core Elective:4'], 'Fall': ['Free Elective:4', 'Free Elective:4', 'Ethics Elective:4', 'HASS Core Elective:4'], 'Spring': ['ILEA 4400 - Independent Learning Experience:0']}, 'Fourth Year': {'Fall': ['Free Elective:4', 'Free Elective:4', 'Free Elective:4', 'PHIL 4990 - Capstone Experience in Philosophy:3'], 'Spring': ['Philosophy Elective:4', 'Free Elective:4', 'Free Elective:4']}}"
"Physician-Scientist:{'First Year': {'Fall': ['BIOL 1010 - Introduction to Biology:3', ['BIOL 1015 - Introduction to Biology Laboratory:1', 'BIOL 1016 - Introduction to Biology Computational Laboratory Credit Hours:1'], 'CHEM 1110 - Chemistry I:4', 'HASS Core Elective:4', 'MATH 1010 - Calculus I:4'], 'Spring': ['BIOL 2120 - Introduction to Cell and Molecular Biology:3', 'BIOL 2125 - Introduction to Cell and Molecular Biology Laboratory:1', 'CHEM 1200 - Chemistry II:4', 'HASS Core Elective:4', 'MATH 1020 - Calculus II:4']}, 'Second Year': {'Fall': ['BIOL 2500 - Genetics and Evolution:4', 'CHEM 2230 - Organic Chemistry Laboratory I:1', 'CHEM 2250 - Organic Chemistry I:3', 'HASS Core Elective:4', ['PHYS 1100 - Physics I (M):4', 'PHYS 1110 - Physics I (S) Credit Hours:4']], 'Spring': ['BIOL 4620 - Molecular Biology:4', 'CHEM 2240 - Organic Chemistry Laboratory II:1', 'CHEM 2260 - Organic Chemistry II:3', 'HASS Core Elective:4', 'PHYS 1200 - Physics II:4']}, 'Third Year': {'Arch': ['BIOL 4110 - Investigative Medicine I:1', 'BIOL 4100 - From Neuron to Behavior:4', 'BIOL 4270 - Human Physiology:4', 'BIOL 4760 - Molecular Biochemistry I:4', 'HASS Core Elective:4'], 'Fall': ['BIOL 4120 - Investigative Medicine II:1', 'BIOL 4200 - Biostatistics:4', 'BIOL 4250 - Developmental Biology:4', 'BIOL 4130 - Biomedical Research:6', 'HASS Core Elective:4'], 'Spring': ['ILEA 4400 - Independent Learning Experience:0']}, 'Fourth Year': {'Fall': [], 'Spring': []}}"
"Physics B.S.:{'First Year': {'Fall': ['CSCI 1100 - Computer Science I:4', 'MATH 1010 - Calculus I:4', 'PHYS 1140 - Introductory Modern Physics:4', 'PHYS 1010 - A Passion for Physics:1', 'HASS Core Elective:4'], 'Spring': ['BIOL 1010 - Introduction to Biology:3', 'BIOL 1015 - Introduction to Biology Laboratory:1', 'Free Elective:4', 'MATH 1020 - Calculus II:4', 'PHYS 1150 - Introductory Classical Dynamics:4']}, 'Second Year': {'Fall': ['CHEM 1100 - Principles of Chemistry I:4', 'HASS Core Elective:4', 'MATH 2400 - Introduction to Differential Equations:4', 'PHYS 1250 - Introductory Electromagnetic Theory:4'], 'Spring': ['MATH 2010 - Multivariable Calculus and Matrix Algebra:4', 'HASS Core Elective:4', 'PHYS 2210 - Quantum Physics I:4', 'PHYS 4330 - Theoretical Mechanics:4']}, 'Third Year': {'Arch': ['PHYS 2350 - Experimental Physics:4', 'HASS Core Elective:4', 'Mathematics Elective:4', 'Elective:4'], 'Fall': ['PHYS 4100 - Introductory Quantum Mechanics:4', 'PHYS 4210 - Electromagnetic Theory:4', 'PHYS 4420 - Thermodynamics and Statistical Mechanics:4', 'Free Elective:4'], 'Spring': ['ILEA 4400 - Independent Learning Experience:0']}, 'Fourth Year': {'Fall': ['Free Elective:4', 'HASS Core Elective:4', 'Mathematics Elective:4', 'Culminating Experience:4'], 'Spring': ['Free Elective:4', 'Free Elective:4', 'HASS Core Elective:4']}}"
"Psychological Science B.S.:{'First Year': {'Fall': ['HASS Core Elective:4', 'CSCI 1100 - Computer Science I:4', ['MATH 1010 - Calculus I:4', 'MATH 1500 - Calculus for Architecture, Management, and HASS Credit Hours:4'], 'PSYC 1200 - Introduction to Psychological Science:4'], 'Spring': [['MATH 1020 - Calculus II:4', 'MATH 1520 - Mathematical Methods in Management and Economics Credit Hours:4'], 'PSYC 2310 - Research Methods and Statistics I:4', 'Science Core Elective:4', 'PSYC 2000 or 4000-level Core Content Elective:4']}, 'Second Year': {'Fall': ['PSYC 4310 - Research Methods and Statistics II:4', 'Science Core\xa0Elective:4', 'PSYC 2000 or 4000-level Core Content Elective:4', 'HASS Core Elective:4'], 'Spring': ['PSYC 4350 - Mathematical Methods in Psychological Science:4', 'PSYC 2000 to 4000-level Core Content Elective:4', 'Psychology Elective:4', 'Science Core Elective:4']}, 'Third Year': {'Arch': ['Free Elective:4', 'Free Elective:4', 'HASS Core Elective:4'], 'Fall': ['PSYC 2000 to 4000-level\xa0Core Content Elective:4', 'HASS Core Elective:4', 'Free Elective:4', 'Free Elective:4'], 'Spring': ['ILEA 4400 - Independent Learning Experience:0']}, 'Fourth Year': {'Fall': ['Psychology Electiv:4', 'Free Elective:4', 'Free Elective:4', 'Free Elective:4'], 'Spring': ['Free Elective:4', 'Free Elective:4', 'Free Elective:4', 'PSYC 4XXX Advanced Seminar in Psychology:4', 'Undergraduate Research Project:4', 'Honors Thesis:4']}}"
"Science, Technology, and Society B.S.:{'First Year': {'Fall': ['Science Core Elective:4', 'HASS Core Elective:4', ['MATH 1500 - Calculus for Architecture, Management, and HASS:4', 'MATH 1010 - Calculus I Credit Hours:4'], 'STSO 1100 - Science, Technology, and Society:4'], 'Spring': ['Science Core Elective:4', 'HASS Core Elective:4', 'Intermediate STS course:4', ['MATH 1520 - Mathematical Methods in Management and Economics:4', 'MATH 1020 - Calculus II Credit Hours:4']]}, 'Second Year': {'Fall': ['STSO 2100 - Investigating Society:4', 'HASS Core Elective:4', 'Free Elective:4', 'Science Core Elective:4'], 'Spring': ['STSO 4300 - Sustainability and STS Careers:4', 'CAS Course:4', 'HASS Core Elective:4', 'Science Core Elective:4']}, 'Third Year': {'Arch': ['Advanced STS Course:4', 'Advanced STS Course:4', 'Free Elective:4'], 'Fall': ['CAS Course:4', 'HASS Core Elective:4', 'HASS Core Elective:4', 'Free Elective:4'], 'Spring': ['ILEA 4400 - Independent Learning Experience:0']}, 'Fourth Year': {'Fall': ['STSO 4980 - Research Design:4', 'Free Elective:4', 'CAS Course:4', 'Free Elective:4'], 'Spring': ['CAS Course:4', 'Free Elective:4', 'Free Elective:4', 'STSO 4990 - STS and Sustainability Senior Project:4']}}"
"Sustainability Studies B.S.:{'First Year': {'Fall': ['INQR 1240 - Sustainability Debates:4', 'HASS Core Elective:4', 'Science Core Elective:4', ['MATH 1010 - Calculus I:4', 'MATH 1500 - Calculus for Architecture, Management, and HASS Credit Hours:4']], 'Spring': ['HASS Core Elective:4', 'Science Core Elective:4', 'STSO 2300 - Environment and Society:4', ['MATH 1020 - Calculus II:4', 'MATH 1520 - Mathematical Methods in Management and Economics Credit Hours:4']]}, 'Second Year': {'Fall': ['STSO 2100 - Investigating Society:4', 'HASS Core Elective:4', 'Science Core Elective:4', 'Free Elective:4'], 'Spring': ['STSO 4300 - Sustainability and STS Careers:4', 'Science Core Elective:4', 'CAS Course Option:4', 'Free Elective:4']}, 'Third Year': {'Arch': ['SUST\xa0Advanced Option:4', 'Free Elective:4', 'Free Elective:4'], 'Fall': ['CAS Cours:4', 'HASS Core Elective:4', 'HASS Core Elective:4', 'Free Elective:4'], 'Spring': ['ILEA 4400 - Independent Learning Experience:0']}, 'Fourth Year': {'Fall': ['STSO 4980 - Research Design:4', 'CAS Cours:4', 'Free Elective:4', 'SUST Advanced Option:4'], 'Spring': ['STSO 4990 - STS and Sustainability Senior Project:4', 'CAS Course:4', 'HASS Core Elective:4', 'Free Elective:4']}}"
